mean_merah,std_merah,mean_hijau,std_hijau,mean_biru,std_biru,mean_gray,std_gray,mag_gray,homogenity_gajah,energy_gajah,contrast_gajah,rg_corr,rb_corr,gb_corr,entropy,dissimilarity_gajah,correlation_gajah,nama,label
163.463637536,74.9231886837,164.192953081,75.816760023,132.966488654,88.1780830943,160.411487842,76.0331341288,7489344.0,0.365674054622,0.294033728404,387.139592277,1.0,1.0,1.0,4.34357762812,11.4964337569,0.966516860586,gajah1.jpg,1
110.288361263,47.9784418124,118.533614616,38.6937308469,92.029455081,30.9558972036,113.046351948,39.4782769623,50246.0,0.101665461915,0.0125772016769,374.600475505,0.426665865655,0.426665865655,0.402292812957,0.915738931091,13.2356948773,0.879941588288,gajah10.jpg,1
169.268956733,55.7621635651,147.801018987,53.6797510672,116.286589977,61.0289743189,150.604744656,53.7408920087,50246.0,0.250114755082,0.0511152991238,316.935447135,0.949630810164,0.949630810164,0.958721425571,0.876693189058,9.92713577879,0.945160993237,gajah100.jpg,1
112.190828125,84.6529441999,104.311788021,67.7769644465,84.0581333333,57.7953635566,104.365148437,71.2562824018,1920000.0,0.280525196751,0.0212062108927,42.9676777152,0.990161297778,0.990161297778,0.993054897538,1.93846555932,4.16725974567,0.995769046867,gajah11.jpg,1
114.967624105,37.2459137518,134.902246908,44.2285059449,88.6299464925,33.4474683274,123.665752157,39.2555411679,4915200.0,0.272407003983,0.0212472708349,43.2818382784,0.973209178459,0.973209178459,0.981411384882,1.99880205887,4.27738486842,0.985958674956,gajah12.jpg,1
105.427482553,44.3221402758,115.220270056,47.7170734236,64.442476154,42.0508245229,106.501754641,43.9941501121,303196.0,0.130515679726,0.0130256340784,232.832492122,0.984982649908,0.984982649908,0.983695947151,1.63270078113,9.9321426448,0.939887426489,gajah13.jpg,1
133.645789583,68.4579828829,132.774375,56.6485598304,88.374225,54.1336125309,127.973016667,58.8565253128,480000.0,0.14084632096,0.0117812707923,166.968758865,0.963201562693,0.963201562693,0.954865615093,1.86297364903,9.13024822695,0.975906613476,gajah14.jpg,1
142.058359902,46.5491797051,138.087118332,48.2567959104,102.094147762,57.5263537194,135.173752299,47.3831160596,326200.0,0.164873931225,0.0196831809517,393.775436399,0.977398424864,0.977398424864,0.966873076187,1.77861604394,13.3090988352,0.912347506449,gajah15.jpg,1
160.21545,55.2878465967,152.3328,56.9320203766,145.037658333,64.0210925413,153.839391667,56.3271494334,120000.0,0.28563015816,0.0580073694532,364.924101921,0.99838652196,0.99838652196,0.994754853666,1.28450957464,11.1116374269,0.942575587886,gajah16.jpg,1
198.259646685,65.4103753277,186.082115919,76.6002407919,173.922012703,86.7965406671,188.408455736,74.1876127238,50380.0,0.517823878597,0.416843175338,478.69395933,0.033994002196,0.033994002196,-0.252406178596,0.75345875187,9.2519338118,0.956589963868,gajah17.jpg,1
201.374415978,63.2716658523,196.159157025,67.5785672917,189.496280992,73.4324651028,196.996476584,66.8885606574,726000.0,0.517075675325,0.384249709382,321.34889297,1.0,1.0,1.0,2.20903754851,8.97428144398,0.964096830689,gajah18.jpg,1
111.801523437,64.1016795458,114.818258464,57.4054283473,86.1998665365,46.4561012891,110.655751953,57.2106159376,307200.0,0.122859434589,0.0119846637691,272.841663406,0.895392826478,0.895392826478,0.917717444897,1.78697257745,10.7688282473,0.958329733981,gajah19.jpg,1
92.298013468,54.2180280364,97.9161799816,51.5714193202,89.2590327518,51.7257830907,95.2615947352,52.0160364811,326700.0,0.20687295455,0.0169580738328,118.512395579,0.99580768798,0.99580768798,0.994843600853,1.48276572708,6.8484480618,0.978101970213,gajah2.jpg,1
100.365038554,63.9198867086,101.02980423,59.9969424043,92.3564465841,60.2629230146,99.8273035685,60.9720444893,786432.0,0.196488680745,0.0154969353093,163.808257728,0.947352190291,0.947352190291,0.964222306503,2.07904891695,8.03937433814,0.977965850838,gajah20.jpg,1
127.623154167,29.4280668844,139.77525625,40.4941445952,137.72719375,83.3216112902,135.9300625,40.6485505122,480000.0,0.463626456254,0.0804525354885,26.8497934919,0.985863468573,0.985863468573,0.99406498639,0.888941750859,2.9002148519,0.991877940118,gajah21.jpg,1
129.429427805,57.930554466,130.082103311,56.2173595105,126.66502909,52.4370410398,129.494849913,56.0253170002,181162.0,0.114296895437,0.0117720387019,524.057448363,0.976175240918,0.976175240918,0.975046642515,1.75364831988,14.763753293,0.916542845917,gajah22.jpg,1
136.093911082,64.4033510492,129.18225945,73.3341413424,94.0220092354,82.5437036949,127.247409257,70.2722606124,372480.0,0.370523584351,0.02660125877,101.645719338,0.994023153831,0.994023153831,0.983068844506,1.44088460228,4.98922040786,0.989709802224,gajah23.jpg,1
174.405667623,78.38834061,167.767528534,83.265480854,165.954523722,83.45258372,169.579528809,81.7727658983,786432.0,0.547060103184,0.236634734652,30.0495453527,0.985405402399,0.985405402399,0.96202713939,1.44413994964,2.50297073558,0.997752862182,gajah24.jpg,1
90.3158854167,59.1282536961,142.176547917,56.5740493329,83.8593833333,59.0314942943,120.00813125,49.5798289223,480000.0,0.307880227549,0.0250135011891,112.029597413,0.991598491719,0.991598491719,0.997870121801,1.72568326727,6.16222987067,0.97722869429,gajah25.jpg,1
159.148708355,47.2245701905,153.502229033,52.2628098236,134.767165546,69.6991814871,153.074354177,50.9925978811,50246.0,0.33058317184,0.08318083487,166.757911772,0.998839505244,0.998839505244,0.998344419682,0.7547829105,7.30642132183,0.96790734289,gajah26.jpg,1
108.079121739,59.3197544683,110.58013913,59.3849836412,110.107669565,59.0630749678,109.77586087,59.0684766653,230000.0,0.114913679699,0.0103492147518,691.732639373,0.836151033649,0.836151033649,0.826144782652,1.99691156487,15.9950087108,0.900908691229,gajah27.jpg,1
158.128806273,63.1297502743,156.742805397,74.082069844,128.062731362,71.5225012284,153.86960156,69.6861053472,50246.0,0.306583537076,0.0299753316163,361.932050667,0.999219793262,0.999219793262,0.999261556569,0.825155557358,8.35437145369,0.962829629976,gajah28.jpg,1
134.112047044,50.8382596926,129.885469644,50.1490916734,102.794282422,53.422453468,128.055348061,50.0612311423,50336.0,0.166006692021,0.0142414688601,223.324210022,0.861796520099,0.861796520099,0.858512753587,0.884608181145,9.52748962656,0.955397531123,gajah29.jpg,1
130.785462623,49.7818960495,148.917930453,54.7371879052,129.144270833,75.5132106624,141.236598754,54.2313964941,391680.0,0.343122123228,0.086132505514,224.415852012,0.99978961435,0.99978961435,0.999174719101,1.71849505517,8.19028141361,0.961856344365,gajah3.jpg,1
110.253359375,67.3661419785,116.280651042,68.1672576171,101.278229167,74.398466431,112.758203125,68.2289970576,38400.0,0.175684430424,0.022865639841,495.463912134,0.682316569381,0.682316569381,0.535064984096,0.818963567859,12.9849895397,0.946731827461,gajah30.jpg,1
110.043952521,62.1041778509,104.127847656,63.3297319382,77.1927367668,65.3918902854,102.825310958,62.2577100708,1431704.0,0.40064321158,0.0249504255939,37.0959138883,0.999508700154,0.999508700154,0.999272557915,1.50800142095,3.44573285804,0.995214661674,gajah31.jpg,1
115.982442593,42.295716085,116.755162963,38.7699781619,106.776893519,42.8014233536,115.384768981,39.2539323644,2160000.0,0.225272734992,0.0188194583601,83.6387673708,0.978690009177,0.978690009177,0.977950506011,2.11359615138,5.69509681304,0.972863261566,gajah32.jpg,1
149.212679944,59.6475115139,144.412723258,61.8152157204,112.25531359,80.9703169706,142.183994094,61.1664458441,5947392.0,0.349489912792,0.0374105809732,140.637821768,0.998856532603,0.998856532603,0.99874676467,3.04716896633,6.84432743285,0.981205091619,gajah33.jpg,1
144.64516449,43.6667043826,146.190783183,42.813861007,154.728839874,49.7413181209,146.728037516,42.58947623,786432.0,0.582131074719,0.074430689215,46.9209942164,0.321241695479,0.321241695479,0.544090800743,1.41572467259,2.63090837814,0.987026040265,gajah34.jpg,1
148.236999503,51.008505044,150.361132638,56.8820441821,145.046140089,63.8395188747,149.107083954,55.4039903306,50325.0,0.302515818724,0.0425059133801,282.680527302,0.994582445764,0.994582445764,0.985120441023,0.816886809226,8.70003190938,0.954018130586,gajah35.jpg,1
119.035794862,51.3613243277,106.619332723,41.1242788809,88.5798184606,31.4208183922,108.282750258,42.8871824033,171533.0,0.283539778847,0.0203120219635,135.518008598,0.996370800251,0.996370800251,0.995683729583,1.12243251198,6.08510128741,0.963178112783,gajah36.jpg,1
163.569935499,72.0312460288,164.384376493,72.9079696256,133.2019828,85.90120543,160.580805065,73.2413904995,50232.0,0.366435496183,0.252791791509,392.875159795,0.702368183328,0.702368183328,-0.0239569762648,0.829639634163,9.96979865772,0.963381613718,gajah37.jpg,1
118.636039127,45.5335954904,119.12763609,50.6076254958,104.253177215,63.0936410165,117.286705475,49.4600802713,452991.0,0.18693435706,0.0162734598152,245.406385387,0.946558376684,0.946558376684,0.972634602965,1.84937516787,9.90408657672,0.949829380019,gajah38.jpg,1
145.204334667,52.4503679537,134.612619267,58.3629692364,104.788832461,64.057531927,134.378270237,56.1937504787,194940.0,0.183703533005,0.0183823434147,254.417696668,0.996087399655,0.996087399655,0.995121855862,1.50909421343,10.1506072084,0.959759054676,gajah39.jpg,1
193.394663743,37.8700940495,212.786307435,45.8786655933,185.156195698,70.2980271968,203.848322891,43.8928003364,957600.0,0.558663707269,0.205577228224,75.6861545022,0.98710730875,0.98710730875,0.982557217042,1.77574507412,3.42018724877,0.980366233471,gajah4.jpg,1
159.817455395,66.1369180407,165.165394523,66.9082045203,136.916563305,63.7608205099,160.352685812,64.8556890662,41924.0,0.208593396179,0.0219948745652,266.099541977,0.995302750853,0.995302750853,0.996174751184,0.825687168918,9.0357785185,0.968442050323,gajah40.jpg,1
150.883672332,54.5584095319,138.013951359,54.6561831496,112.036978068,54.8856172913,138.902061856,54.0645736923,50246.0,0.262580442386,0.0311465823391,293.792225979,0.70532992199,0.70532992199,0.740767800357,0.822770664491,9.09060355692,0.949895245914,gajah41.jpg,1
125.021653465,62.4783604525,134.152509653,66.0461555326,109.976933487,53.9183364474,128.682820523,62.8986032397,50246.0,0.158617016899,0.0165598221536,751.581515224,0.843800162938,0.843800162938,0.856459497257,1.02944494642,17.073203868,0.905019120769,gajah42.jpg,1
120.182201598,76.7542842198,119.812008929,76.4903980353,113.404567669,78.4713625857,119.189382049,76.6328971604,425600.0,0.241516310473,0.159661232495,546.770366153,,,,2.14826278864,14.1143299425,0.953436798328,gajah43.jpg,1
147.98728257,67.0661190542,142.405902957,73.9798236131,125.719679178,82.236562796,142.179954623,71.5152029271,50246.0,0.307811128627,0.0446992120541,418.387776712,0.99467647337,0.99467647337,0.968861386488,0.90472180747,10.6667266043,0.959112326438,gajah44.jpg,1
131.383078731,58.3029381996,147.888903811,68.7128085208,134.397851267,82.6373008012,141.437879805,66.6061662081,119140.0,0.483003440323,0.0765041932407,55.32819374,0.950651612655,0.950651612655,0.931041311595,0.732123461679,3.16019380725,0.993766448355,gajah45.jpg,1
200.750905545,72.1919929228,199.259224615,74.2745552726,197.240815189,76.0376401982,199.535485412,73.7134825608,50246.0,0.677492015816,0.139558808676,160.551426516,0.571008688561,0.571008688561,0.509566731967,0.484900194413,3.76836090466,0.985262893272,gajah46.jpg,1
127.999671601,72.5646413244,129.605183904,65.6638243708,105.455169486,62.7263781232,126.370009932,66.7906367536,124848.0,0.0990552520653,0.00982218432653,645.465450108,0.946333321959,0.946333321959,0.932194125585,1.61265376167,16.8261707303,0.927641366505,gajah47.jpg,1
126.125496377,71.2498917078,109.56145027,65.4813057948,82.7876357793,48.1166301498,111.472272439,64.2839462706,129438.0,0.239345028822,0.0238376741668,326.733589118,0.984738304012,0.984738304012,0.980213276076,1.32043852129,9.70473200791,0.960517745764,gajah48.jpg,1
170.759626687,58.7726810879,157.320211394,67.9378612807,139.204614693,86.8099068248,159.303223388,66.019883165,667000.0,0.325008049515,0.113551428025,269.750702727,0.922270167373,0.922270167373,0.863712809439,2.12822089888,9.53884469177,0.96905670101,gajah49.jpg,1
111.096971376,44.0468135929,95.7252908587,38.6827523449,74.6983933518,33.6540734591,97.9253831948,39.0833966422,108300.0,0.175579998154,0.0242651201012,362.323316206,0.898766310119,0.898766310119,0.934468571818,1.17547546458,12.3482571865,0.881457937704,gajah5.jpg,1
144.353910692,70.6220075594,143.859656448,72.6317752272,125.827189948,73.442457361,141.961469641,71.8141144555,50298.0,0.18709076093,0.0318793270416,577.547163779,0.995351521629,0.995351521629,0.880226878995,1.01675724824,14.943515355,0.944043445605,gajah50.jpg,1
129.823408,67.8183956111,131.335066667,70.1880795363,114.8956,81.6143144102,129.014266667,70.4601455514,187500.0,0.220755933321,0.0607508559225,430.390102872,0.851059195485,0.851059195485,0.83647095829,1.50854636211,12.0862311289,0.956660819903,gajah51.jpg,1
70.4978040404,67.3289519619,123.12702037,67.1220652601,134.388133838,97.4671502778,108.673313131,60.6610389603,5940000.0,0.275460125667,0.0443453090419,321.404454684,0.984652277322,0.984652277322,0.988400201821,4.07954217595,9.44874823594,0.956326307079,gajah52.jpg,1
145.287925806,63.1636790182,144.587977419,65.6107318275,121.242593548,60.2705099877,142.153367742,63.7703792672,310000.0,0.266491237746,0.0196491231692,195.777198708,0.87757362021,0.87757362021,0.86450308324,1.61407903986,7.80537964459,0.975933880568,gajah53.jpg,1
108.695642667,47.3744901392,94.1439733333,37.3123595208,65.4792533333,31.5785204885,95.235424,38.9416813822,187500.0,0.196695138151,0.0177651772897,152.39852505,0.966412551027,0.966412551027,0.932587755582,1.1656086497,6.94253573814,0.949449935105,gajah54.jpg,1
159.044113264,42.5520243388,156.44071535,41.7204507813,131.553561848,54.6533071424,154.378042722,40.8294801926,50325.0,0.260197095334,0.0239475671866,249.348829325,0.936097648387,0.936097648387,0.943732864379,0.815345448342,8.97006501536,0.925316423487,gajah55.jpg,1
139.725156829,59.7798090494,126.475811165,52.6814583718,99.6622545652,43.9009601633,127.373578185,53.4637014295,3630394.0,0.219936892008,0.015091994022,190.967975316,0.994102975386,0.994102975386,0.994513725337,3.30538686643,8.16050177783,0.966595765589,gajah56.jpg,1
193.964716745,76.9706724082,183.643062059,85.2816596897,174.584284113,92.9477451235,185.704329618,83.4607907938,60652.0,0.541310972771,0.46418015625,358.749499131,,,,0.790508090646,8.14858845931,0.974282542449,gajah57.jpg,1
129.803914815,49.6546381281,117.207203704,47.4802080789,96.6444925926,44.5565679122,118.628859259,47.1803464547,270000.0,0.0875307616894,0.011895459313,589.65670562,0.930310145009,0.930310145009,0.936313755668,2.00247867413,17.1270895938,0.867549423331,gajah58.jpg,1
133.840763444,57.1671556685,136.674083509,56.1654455519,117.16453051,75.091072467,133.599371094,57.8212232749,50246.0,0.254154359389,0.0469015535865,298.831035723,0.969643697382,0.969643697382,0.957537549588,0.891706692179,10.4230200591,0.955319222196,gajah59.jpg,1
130.812492562,57.2767054575,118.465267584,52.6518638067,113.791744357,57.8822723361,121.632641727,53.7428892216,50414.0,0.146285865285,0.0136550950823,734.448279981,0.947839540769,0.947839540769,0.953344611485,1.04357187683,16.5932075171,0.872629865825,gajah6.jpg,1
118.771227024,50.8650906744,118.92284153,49.1608128694,66.0744361649,36.4041019951,112.869786388,46.9461857438,50325.0,0.106680315729,0.0129530862137,348.587391807,0.786985276585,0.786985276585,0.803941707077,0.888095198389,11.8207291293,0.920988802811,gajah60.jpg,1
145.613164155,69.1744143789,144.88463521,69.8283683386,120.553647898,76.8552496442,142.370816812,69.9627396362,50440.0,0.369518803435,0.167641130974,276.964255861,0.896505763255,0.896505763255,0.896505763255,0.735904840859,8.35071448474,0.971736091508,gajah61.jpg,1
95.2839236174,46.234525043,88.5194883805,41.6831296884,47.4183066114,36.1014963271,85.8569410917,41.7492444872,277550.0,0.162572999241,0.0187723966362,745.715130105,0.980870751723,0.980870751723,0.981814363364,1.88717225471,16.3789292119,0.786187559478,gajah62.jpg,1
116.950200617,45.0068580675,114.123834877,49.9403501886,105.834236111,72.2329731258,114.031867284,50.3476934375,129600.0,0.454926986681,0.0428095243839,63.5593675095,0.998813749637,0.998813749637,0.998556270974,0.804878694295,3.87479316477,0.98747429551,gajah63.jpg,1
150.093643609,83.368389346,157.379475188,84.1949164438,153.869482707,97.7512954658,154.801332331,83.4640789623,665000.0,0.399889551791,0.193502905961,529.493811104,0.999893790055,0.999893790055,0.999803892379,2.56702083703,11.4304635463,0.961993676995,gajah64.jpg,1
121.732672972,41.2459498251,129.25111996,45.2776438471,91.8667994027,34.9539943357,122.741871578,41.9312727867,100450.0,0.129907065001,0.0133395477804,311.7896004,0.818756998064,0.818756998064,0.809174247078,1.13252934285,11.6575924076,0.911448126199,gajah65.jpg,1
126.03438125,68.1472035581,120.636631446,67.8770317265,115.418052237,69.1891109167,121.648714678,67.8861145174,4192256.0,0.453590857515,0.034867377157,28.6449522315,0.987375752943,0.987375752943,0.986937059882,2.06262077666,2.72493250932,0.99689267113,gajah66.jpg,1
122.576512668,64.3168403227,113.076423249,61.3777165181,72.9318430204,45.1153426509,111.344500745,58.7031242663,50325.0,0.107148051645,0.0115645013398,759.620956484,0.931038281866,0.931038281866,0.929219771717,1.06615071935,17.3658410115,0.889688991031,gajah67.jpg,1
128.755415252,61.951369023,111.801913952,71.3321631319,101.384041138,78.7690630929,115.658923501,68.9250336712,50367.0,0.271287303872,0.0368831124598,268.834973309,0.996497867082,0.996497867082,0.998620443442,0.821797594889,9.18386981117,0.971692036828,gajah68.jpg,1
87.7259123927,71.842124604,86.4155712085,65.8640800667,77.2253400836,59.388770347,85.7602729474,66.3408381108,227150.0,0.170855730158,0.0196210357638,607.272205242,0.898881319528,0.898881319528,0.895379068246,1.87921819743,14.313782047,0.930994668927,gajah69.jpg,1
159.530591157,50.5319986182,153.377446597,56.5173113823,143.343089916,67.3882718247,154.087968207,54.7182879807,50325.0,0.354527599836,0.0369095598249,202.655904096,0.998937386693,0.998937386693,0.997575087071,0.75255245766,6.75556443556,0.9662273368,gajah7.jpg,1
158.436432751,68.174967433,137.294371691,76.3669974591,113.491282888,87.2844565656,140.937845799,74.3515748787,50246.0,0.333215436152,0.0804195412541,363.330096699,0.996177731734,0.996177731734,0.987482721871,0.875388070518,10.6323423639,0.96715285509,gajah70.jpg,1
160.153810192,58.5962250016,139.596291102,60.71193084,122.695215833,68.2224917785,143.827321957,59.5316158897,256680.0,0.321852566466,0.0359201579937,158.23592283,0.997588888862,0.997588888862,0.99409920099,1.41040110481,6.97214222722,0.977684681826,gajah71.jpg,1
129.625555556,53.8238186808,132.517105943,58.4099020845,103.147359496,46.3209682692,128.304090762,54.0985567441,619200.0,0.100632792619,0.010472152683,345.238894169,0.899179374559,0.899179374559,0.895003612411,2.37889308168,12.7988536959,0.941023645274,gajah72.jpg,1
122.336909469,62.1026002614,115.759253382,61.4729599191,112.531269511,60.5965345574,117.364612383,61.3260477381,384400.0,0.189948626005,0.0138565194088,203.83295117,0.995774841126,0.995774841126,0.995769821219,1.70044733485,7.92909479389,0.972728383968,gajah73.jpg,1
153.976465487,76.8298456765,139.899705168,87.5605354242,129.285178633,96.7536452462,142.90658342,84.873102275,288300.0,0.476656086412,0.0654119534166,142.021915333,0.998184204835,0.998184204835,0.99704038604,1.41555755959,5.57543731652,0.990144002726,gajah74.jpg,1
125.866635449,61.8338190377,129.341293791,65.4402330737,86.7772216441,69.0224288705,123.452552896,63.5279853712,288300.0,0.21370059586,0.0563607489901,249.415383814,0.994763245732,0.994763245732,0.995290100908,1.73818593602,9.43971025066,0.969062038505,gajah75.jpg,1
115.834216743,44.833145875,106.262303218,42.1558477807,90.3628134119,36.8724377081,107.327834356,41.9456689878,50373.0,0.228892318127,0.0188673357096,107.780609805,0.87286759318,0.87286759318,0.891963600174,0.725917891512,6.48607014747,0.96936524977,gajah76.jpg,1
116.331332842,65.9993538943,96.6570038231,62.5501719947,77.9203167149,53.3827682902,100.409909954,62.2539337882,206116.0,0.152141119645,0.0145860813382,282.240802871,0.983220294485,0.983220294485,0.982748279107,1.53945122147,9.57843451877,0.96357138884,gajah77.jpg,1
146.009373881,57.6334668272,134.920610596,57.1389326711,99.4236954185,66.6873268106,134.195438443,56.9719763562,50246.0,0.190827234914,0.0258513988778,357.775253736,0.981551740329,0.981551740329,0.982204806154,0.932435804033,11.8345520659,0.944869932765,gajah78.jpg,1
137.67046827,54.0611556088,143.628215028,58.5663232266,126.448549649,54.4048376424,139.893891694,55.7231283248,50505.0,0.152830405258,0.0218547832829,362.283465819,0.934949413556,0.934949413556,0.918230509237,0.944782993586,12.0174880763,0.9417262187,gajah79.jpg,1
130.566447836,80.3473285932,127.156404979,72.6850016496,96.767257189,75.0696695842,124.722005337,72.8113884541,3871488.0,0.253389224157,0.0213201666274,150.421326181,0.944580210324,0.944580210324,0.924557768004,2.98078387155,6.99716893552,0.985812402686,gajah8.jpg,1
126.875437968,51.4242743895,132.168916229,54.229467266,113.831581462,53.5500060223,128.496118012,52.3850939279,50232.0,0.11528995039,0.0174438609848,466.277673434,0.945617617324,0.945617617324,0.936394679553,0.977321351942,14.4713674872,0.915145594586,gajah80.jpg,1
135.532907526,55.5513553981,143.966993296,59.775139185,123.517534812,57.7009168275,139.121851073,56.9677404432,50414.0,0.168493626629,0.0299873123625,399.279005415,0.931168326772,0.931168326772,0.915439390494,0.955351183932,12.6325648989,0.93857423487,gajah81.jpg,1
159.225304425,49.6086123529,130.203187803,49.4425210979,113.527393327,51.5267442476,136.993564994,49.1728789147,50505.0,0.118640470308,0.0132411477326,584.800755317,0.897533177109,0.897533177109,0.853710276467,0.993876068508,14.7774597496,0.87902314888,gajah82.jpg,1
136.448115234,65.2907059433,146.622050781,60.6955739841,117.468364258,79.0081938316,140.264807129,63.3486184745,409600.0,0.293539635749,0.0367398858725,125.31971831,0.999593812468,0.999593812468,0.998251161459,1.57784045532,6.74143681534,0.984383199239,gajah83.jpg,1
169.481369444,62.9292724468,156.927169444,61.5743809789,148.788588889,62.0505836646,159.775294444,60.9074878326,360000.0,0.390029403666,0.0344502772692,208.925429008,0.996958336958,0.996958336958,0.997626596661,1.75053335057,7.43829787234,0.971845556099,gajah84.jpg,1
100.109726776,56.0589566328,111.800337804,53.2239393105,97.0681967213,44.0953705946,106.629388972,52.5631228376,50325.0,0.146833215085,0.0128768336813,257.996848949,0.972823306025,0.972823306025,0.960513221626,0.897314495991,9.86598061505,0.953393018461,gajah85.jpg,1
154.135063333,64.5233421166,128.94042,70.0591980415,96.42551,78.4410188267,132.774168333,68.1524259661,600000.0,0.271597442048,0.0309625159849,215.730286954,0.974132968586,0.974132968586,0.984047839546,2.06391658358,8.5575642309,0.976784907096,gajah86.jpg,1
149.531909877,59.509156171,113.612940741,71.777507739,85.126517284,83.193528384,121.107551852,67.5771084534,810000.0,0.399081104489,0.084809065164,45.5561747621,0.99966901751,0.99966901751,0.999676245159,1.36762166306,3.99389815845,0.995012327738,gajah87.jpg,1
99.4328525641,53.9411812304,92.8406517094,44.0910946329,72.4204843305,37.1204607465,92.4785683761,45.5609598769,280800.0,0.189734502463,0.0161789975734,584.068745363,0.997053341483,0.997053341483,0.994634876864,1.96183563679,13.7605718199,0.859326869722,gajah88.jpg,1
144.245195062,76.9618735679,118.558419753,75.7868949189,94.6788345679,67.9068068984,123.511111111,73.9437514618,50625.0,0.198030301815,0.0207442160462,572.886428571,-0.168105157858,-0.168105157858,0.433767988082,1.00522378481,13.1057142857,0.947590966524,gajah89.jpg,1
178.249070833,36.6416775051,155.38908125,38.3942685223,131.027102083,52.8538118388,159.443772917,37.2496000674,480000.0,0.386401031053,0.0984285178879,196.347419691,0.974859113917,0.974859113917,0.931659614115,1.61823763827,7.01837505215,0.929287122735,gajah9.jpg,1
99.4328525641,53.9411812304,92.8406517094,44.0910946329,72.4204843305,37.1204607465,92.4785683761,45.5609598769,280800.0,0.189734502463,0.0161789975734,584.068745363,0.997053341483,0.997053341483,0.994634876864,1.96183563679,13.7605718199,0.859326869722,gajah90.jpg,1
102.808307534,68.9437150054,107.705981583,72.7287083196,99.6916130825,70.3665874973,105.317039771,71.0885649974,50388.0,0.188193653913,0.0240301105134,683.841965657,0.998729396851,0.998729396851,0.988285831435,0.997672805023,15.0544265172,0.932234016459,gajah91.jpg,1
91.0398780488,53.9806441822,96.8313231707,51.5150633247,63.5126768293,33.5645202889,91.2873597561,49.1105414766,164000.0,0.188557979358,0.0221131215304,180.392278459,0.96071714446,0.96071714446,0.964153377096,1.25082468889,8.01996065301,0.962594178819,gajah92.jpg,1
120.05019305,71.8101017265,120.679337659,69.7823855255,106.960593878,74.4782031604,118.923735223,70.4606343018,50246.0,0.137045378047,0.0236938911914,974.399404619,0.656576587418,0.656576587418,0.616975409456,1.07026231163,18.9277751139,0.901983037956,gajah93.jpg,1
111.687143386,70.9395086302,118.126214425,68.7949443514,93.490011581,64.5051042001,113.386175219,68.0596827874,2787328.0,0.162548353828,0.0134837675192,217.051850937,0.93935040981,0.93935040981,0.963450445113,3.10602517732,9.33137398971,0.976569071954,gajah94.jpg,1
149.201382716,59.7139932155,144.078439506,66.0272984348,128.731733333,84.8231086229,143.868187654,64.7886280856,50625.0,0.34230560876,0.0495713310486,758.77656746,0.997199841309,0.997199841309,0.974000111798,0.936336176794,15.1566468254,0.909610751654,gajah95.jpg,1
149.954842543,64.0611597257,135.325945732,55.5407667026,116.183264013,43.5081835658,137.565002971,56.2699403111,50490.0,0.156819360406,0.0137203611822,380.25049682,0.970120742032,0.970120742032,0.964473247393,0.960700070707,11.6200914149,0.939994243607,gajah96.jpg,1
133.966057234,54.7669302949,127.776629571,54.2943669758,102.737420509,58.9939367181,126.79131558,54.3396456624,50320.0,0.292083828218,0.0259849842522,297.338564307,0.991780679394,0.991780679394,0.989289640327,0.875678522226,9.27004985045,0.949678609389,gajah97.jpg,1
112.473320903,47.3909221733,110.473320903,47.4994458726,85.0453643829,35.2182015609,108.177966438,45.3127846038,50414.0,0.118205252336,0.0135980033171,413.343983915,0.975118914775,0.975118914775,0.970644786222,0.928273994734,12.9786391145,0.899546925466,gajah98.jpg,1
136.142717828,48.6493103226,147.380667118,45.1147982606,114.637802014,53.7373783736,140.300163197,46.2788046324,50246.0,0.165849069451,0.0303084725965,269.999560457,0.876892726846,0.876892726846,0.829364259944,0.872257018989,10.8401262687,0.936974925571,gajah99.jpg,1
112.893575,68.6476983012,130.628191667,66.9205307328,105.994408333,68.6717703553,122.542058333,66.8692374297,120000.0,0.343223880743,0.0324003018334,109.336942356,0.993901569651,0.993901569651,0.988992347196,1.06516048987,5.53609022556,0.987798154671,panda1.jpg,0
100.36263627,75.5366459614,100.987049415,75.9314280985,83.9556576749,68.082302047,98.8391024111,74.577747009,50268.0,0.258460786039,0.0302266585054,279.838993033,0.952046716205,0.952046716205,0.944715287922,0.887319188194,8.94042842028,0.97488943934,panda10.jpg,0
117.286471816,81.1437884347,116.909135699,80.7302396981,111.988125261,75.8069621909,116.46319833,80.0218701481,239500.0,0.13121463172,0.0141656203283,322.094552301,0.959614440168,0.959614440168,0.965083768726,1.78927741143,11.5410543933,0.974874201615,panda100.jpg,0
106.656731247,80.2988849217,112.567034277,79.4875046165,93.1748236463,81.2949241804,108.584480874,79.4366931473,50325.0,0.17045049183,0.0260448686879,1076.28879981,0.872173430591,0.872173430591,0.873159701997,1.04838560661,18.0194447768,0.914703292342,panda11.jpg,0
124.162560797,74.3646362369,120.031317964,69.9193694563,109.7292301,67.9013399935,120.101882241,70.8939612015,50578.0,0.235579824915,0.024076248923,235.57696202,0.805327829744,0.805327829744,0.774915743331,0.904687310405,9.24608390081,0.976615155438,panda12.jpg,0
65.3591330653,62.9720823204,63.9806352744,56.446180036,39.381204474,52.7186278263,61.5919277156,57.2639599144,50246.0,0.270645538853,0.0454095288873,258.864444756,0.85901936446,0.85901936446,0.93025814295,0.817022403054,8.94794646608,0.960649615675,panda13.jpg,0
65.3591330653,62.9720823204,63.9806352744,56.446180036,39.381204474,52.7186278263,61.5919277156,57.2639599144,50246.0,0.270645538853,0.0454095288873,258.864444756,0.85901936446,0.85901936446,0.93025814295,0.817022403054,8.94794646608,0.960649615675,panda14.jpg,0
75.8758668654,56.3244450535,77.6640635867,55.3517871524,74.6782911078,55.4013899609,76.7709289617,55.4416611381,50325.0,0.248951602053,0.0297072945469,256.733397152,0.875983242683,0.875983242683,0.861548434279,0.84042095194,8.90842008695,0.958331967694,panda15.jpg,0
81.807850912,62.3713905462,80.3975218081,58.973532735,65.9318794607,53.7008934962,79.1487906423,59.0702857478,50440.0,0.285674302158,0.0428741563423,323.438422959,0.746017365942,0.746017365942,0.749567936937,0.851303506349,9.50402022052,0.953738823187,panda16.jpg,0
99.7353800298,57.9504447765,103.055837059,59.4537270085,84.0343964232,58.2283186951,99.8959562842,58.3421102861,50325.0,0.126459743089,0.0122671465203,671.597362637,0.91036754371,0.91036754371,0.89640100534,1.05120766987,15.9631968032,0.901558397138,panda17.jpg,0
103.14012916,57.8546912681,119.864182812,63.079779431,56.1348236463,45.1670728009,107.587163438,57.458680358,50325.0,0.102149695506,0.0147946136425,997.78951777,0.935567706473,0.935567706473,0.95632263851,1.09419048996,21.3120338239,0.84911099387,panda18.jpg,0
102.26585679,74.9578932776,106.931950617,72.4731902846,102.260582716,75.0203338879,104.991802469,73.2630841436,50625.0,0.194943135155,0.032829777827,517.039246032,0.97357877997,0.97357877997,0.974729023663,0.984840789137,13.0462698413,0.951872665201,panda19.jpg,0
123.647655803,84.8551090434,123.509989382,83.9927109358,110.935187454,85.958570468,122.097953933,84.1994198802,244860.0,0.348375964006,0.0957992393843,62.3218836021,0.996447311522,0.996447311522,0.996443033398,1.22162073013,4.28346060559,0.99560648011,panda2.jpg,0
91.5148534526,55.1852180304,104.339056135,55.9454481447,59.8621559861,51.8782733562,95.4645802285,53.8136879217,50325.0,0.204609202578,0.0222134306404,181.377507878,0.958435098949,0.958435098949,0.961493893408,0.797741107367,8.17907143712,0.968779565411,panda20.jpg,0
117.292998448,53.0008427295,123.710981969,51.606995555,115.118636309,53.3963522876,120.823607849,51.6706733937,50246.0,0.115617773991,0.0109972140409,520.559158475,0.864259849181,0.864259849181,0.864590388643,1.01894088155,15.0343043235,0.902699511183,panda21.jpg,0
117.177140255,60.8484261743,118.181614794,60.3419368567,118.501722499,59.583980644,117.892888255,60.2477903388,50508.0,0.183770346357,0.0142032307558,320.754058619,0.909245859114,0.909245859114,0.885246766385,0.927565480654,10.4091008445,0.955872161133,panda22.jpg,0
111.118974645,70.2685726882,116.083628548,64.3428102083,93.1015603232,61.378702469,111.981292043,65.1066300141,50246.0,0.0615736079403,0.00867774669563,1527.36352194,0.835446377799,0.835446377799,0.76724345448,1.1829909588,27.7774514505,0.819907758432,panda23.jpg,0
102.104778937,71.5177936166,98.3954495777,65.8473471586,79.1889120715,59.1929398948,97.3075608544,66.5499906335,50325.0,0.293455647682,0.0281660417911,150.358900722,0.988453254832,0.988453254832,0.985011778278,0.807674413693,6.48976905588,0.983049555556,panda24.jpg,0
116.503064921,73.9468422181,119.650141305,70.7829863694,103.540938582,68.0141520229,116.863650838,70.9360217033,50246.0,0.112676151436,0.0162909541635,1354.20941445,0.854007943042,0.854007943042,0.793534763412,1.14759996099,24.5793106208,0.865732891982,panda25.jpg,0
105.698701196,43.8765959828,95.7852617407,39.9253503131,81.6736358597,38.7343114044,97.1186346717,40.2502529303,50508.0,0.152684224696,0.0153186388602,522.28804769,0.914218687288,0.914218687288,0.902840969681,0.92336453626,13.5329955291,0.83905371742,panda26.jpg,0
89.0707799305,61.2869526811,104.078291108,62.5180620948,93.255976155,59.268400844,98.3524689518,61.0388662034,50325.0,0.116404874617,0.014425599653,625.492660843,0.691992388514,0.691992388514,0.771397778483,1.06273909468,16.3193530374,0.916161809016,panda27.jpg,0
118.007800744,62.334524576,125.122396452,63.3014952525,93.5387067395,55.3138695541,119.398392334,61.3079782904,50508.0,0.123007614844,0.0130380529722,617.269270584,0.905478511677,0.905478511677,0.8944384873,1.00330817375,14.5154881351,0.918088381342,panda28.jpg,0
69.2677595628,68.6031225962,103.637601964,71.9760276756,67.6283163063,65.9784846567,89.2468717827,68.196779685,50508.0,0.102068325183,0.0211999322784,1278.01202186,0.349492090108,0.349492090108,0.624994631084,1.11885834209,24.8931346249,0.862876793049,panda29.jpg,0
114.165097845,81.5461397989,111.303983156,79.35328084,102.27742383,79.499764515,111.144552886,79.9793863781,201850.0,0.407529333281,0.0481503089752,68.4570708199,0.998909203069,0.998909203069,0.998972596628,1.17207682935,4.0507437352,0.994652582566,panda3.jpg,0
138.501743956,63.9509647985,130.302140309,62.2482082363,104.204161712,53.9184082006,129.784621482,61.2515646085,50460.0,0.117440077893,0.0116092790579,401.23915205,0.926043829892,0.926043829892,0.917618655338,1.02938640205,13.1588115977,0.946632878527,panda30.jpg,0
120.691979605,67.8223763215,129.883816229,62.4364545317,103.366561242,65.8116518145,124.10998839,63.5017663707,699392.0,0.348384691317,0.0228512922708,125.524118052,0.997818032168,0.997818032168,0.997431031945,1.91808405789,5.75633776007,0.984443019759,panda31.jpg,0
124.818459829,68.2450434029,120.576747894,66.3588183445,119.468794505,63.9625077319,121.722845713,66.5389529192,786432.0,0.211713282247,0.017025306941,56.1660659009,0.973187521013,0.973187521013,0.96553260019,1.56311808263,5.24345012626,0.99365909416,panda32.jpg,0
83.9198730469,47.0116540944,82.8520996094,47.2776110885,76.2183300781,48.0285532947,82.4081445313,46.9386120465,102400.0,0.23280096991,0.0229950245163,88.2298589342,0.902382366026,0.902382366026,0.890909313592,0.889233149444,5.92803683386,0.980016462904,panda33.jpg,0
142.033343269,74.092073605,134.399085941,79.079628574,120.678609041,82.4729859968,135.129538003,76.9079129534,50325.0,0.315794438373,0.0351498552607,213.234593754,0.955177919609,0.955177919609,0.963714864748,0.812857188767,7.257488732,0.982004007192,panda34.jpg,0
120.294688815,67.4631662704,128.672003683,62.4885126053,103.221366558,65.6243187799,123.264175169,63.41710197,699392.0,0.338606393338,0.021913611259,134.220834425,0.996377501227,0.996377501227,0.995280665268,1.95602396289,5.96641377168,0.983318862692,panda35.jpg,0
75.888544461,74.0783143615,77.9345653254,72.3698174131,78.4099751615,71.7945010455,77.371763537,72.7146475186,50325.0,0.377017017333,0.0401814922631,152.669279247,0.949470190122,0.949470190122,0.94650549654,0.726055054348,5.81414782019,0.985581940265,panda36.jpg,0
112.76057061,66.9826684566,109.333655518,65.8885797918,111.185868583,56.0097848771,110.565548362,64.933883867,699392.0,0.287920112497,0.0185948484472,29.0106453473,0.998933095579,0.998933095579,0.999028244818,1.2663709792,3.61126735164,0.99656226452,panda37.jpg,0
121.589508197,82.6662687754,108.387998013,77.4056548894,96.6619970194,73.9520036839,110.98958768,78.4765088103,50325.0,0.137191196338,0.0170524248932,634.424394719,0.930490937368,0.930490937368,0.916205070592,1.01079894594,15.8916277771,0.948540429625,panda38.jpg,0
132.442794667,68.507613413,128.795045333,69.9001388572,82.538784,61.3744035664,124.614874667,66.9224186339,187500.0,0.0412084108979,0.0063253056964,3636.34939746,0.349645363229,0.349645363229,0.308253951142,2.1954457687,42.7825624582,0.594192209245,panda39.jpg,0
71.3141922821,69.6139001273,72.6472980705,70.9735677553,70.730499002,72.7575265519,71.981245509,70.6861924562,1503000.0,0.528181809634,0.0670107092778,102.552600533,0.998718619125,0.998718619125,0.998797197411,2.2739217069,4.2127816245,0.989742547931,panda4.jpg,0
91.573996732,62.0560808126,82.6613578431,57.4022139705,73.5416703431,53.5086624197,84.2868525327,58.1753651316,2448000.0,0.489574221643,0.0348704788462,10.6413066446,0.99674992029,0.99674992029,0.996169314943,1.17939494893,1.79983896842,0.998427882635,panda40.jpg,0
69.9848981619,51.7235516259,65.7170988574,48.431911601,57.8818281172,47.8220131583,66.1005663189,48.6230702592,50325.0,0.120958843803,0.0153883514542,720.255364635,0.514314118112,0.514314118112,0.565741810909,0.984820726716,17.0908091908,0.848068125466,panda41.jpg,0
120.422998846,55.4735859976,121.434621661,53.165225027,119.993233292,53.9871184442,120.977709668,53.6367948738,50246.0,0.137072593547,0.0136916714648,445.972772921,0.868407670947,0.868407670947,0.856213192367,0.983325083565,13.5262568268,0.922701801216,panda42.jpg,0
90.3790335034,65.134404231,95.1820366833,62.8172491453,71.4622800947,56.8301945761,91.0285047584,61.9831384061,699392.0,0.360944817331,0.0255158184752,134.839712956,0.940595991617,0.940595991617,0.937715219166,1.91786193387,5.3893895742,0.98246361412,panda43.jpg,0
89.5203797317,60.5120415565,90.7274409903,57.9056248052,85.7087330335,56.4225448611,89.7967798432,58.2708156595,50246.0,0.261706754727,0.025622897991,234.612023496,0.972571645304,0.972571645304,0.967901626355,0.843095863607,8.62792695597,0.965510121786,panda44.jpg,0
94.3502766798,57.5143446098,98.1966403162,56.5655570261,87.376284585,57.9466579606,95.8079841897,56.5299966499,50600.0,0.335718207751,0.0313626865288,107.416415424,0.997185713478,0.997185713478,0.997011331977,0.706639566913,5.22861789908,0.983243920919,panda45.jpg,0
83.5821557935,68.7368843606,85.8221948016,65.4732704543,79.3776220993,55.8892920351,84.4166898858,64.8569340898,50246.0,0.12446355201,0.0162715275069,797.09496124,0.858427012627,0.858427012627,0.851249648668,1.06690978118,18.0724246783,0.905250460661,panda46.jpg,0
100.620616824,58.9191466512,109.672640857,59.8707108522,78.6605549499,51.4509625192,103.442694455,58.003312535,792576.0,0.149833580297,0.0131302842185,425.286384727,0.983254935986,0.983254935986,0.983034049081,2.64182836385,11.636328274,0.9368216498,panda47.jpg,0
151.066706408,79.0202900575,136.760218579,63.4362314506,83.0745156483,58.9566379452,134.924530551,66.4278620144,50325.0,0.221832482849,0.0171346782832,258.411192214,0.998354078218,0.998354078218,0.997781613193,0.906026691846,9.11898209086,0.970739365243,panda48.jpg,0
122.351449379,86.5371242107,114.778572329,85.54376902,107.147270493,85.0657121844,116.17461138,85.4620484317,698368.0,0.339308637629,0.0423192080185,85.2953678529,0.999170096685,0.999170096685,0.999446554991,1.77134495449,4.91455436628,0.994161492676,panda49.jpg,0
97.3784288165,73.0436825708,97.0341703831,71.0010399663,92.3942835906,72.3119123793,96.6130588908,71.5340424092,874500.0,0.418018426947,0.0317880322581,61.8442964158,0.974900599517,0.974900599517,0.97378754168,1.75560663535,3.73722595155,0.993960064537,panda5.jpg,0
100.774346746,65.7295437807,119.352449081,63.7807408497,71.7930849478,60.3554482792,108.371207154,62.9265848553,50325.0,0.0967158253824,0.0114172135006,892.837562438,0.844190204242,0.844190204242,0.799628604543,1.11047196647,19.5131668332,0.887156190314,panda50.jpg,0
110.218932683,68.7511480206,98.1811822523,61.6324122259,79.7311693716,56.3791302371,99.6743356519,62.9247166522,50463.0,0.197623287812,0.0217303660994,257.791621912,0.980736322322,0.980736322322,0.97708557798,0.907593847679,9.22795082945,0.967463734199,panda51.jpg,0
98.4966915052,67.4591534264,96.587620467,65.3036779245,90.6306209637,62.5214656214,96.4646795827,65.2289389402,50325.0,0.265765672371,0.0257783453561,169.398501499,0.987600252042,0.987600252042,0.983473913741,0.833339930321,7.36521478521,0.980169990808,panda52.jpg,0
126.671555945,74.6102981267,126.058611631,70.1006078383,116.099550213,64.8912596054,125.094514986,70.5252839049,50246.0,0.173898872218,0.0142126852017,476.03388476,0.759977884335,0.759977884335,0.659555409071,1.00315516668,13.3478782067,0.952226046003,panda53.jpg,0
103.577352947,82.3735928996,105.472773113,77.353128699,87.5959541818,77.5958510681,102.868719354,78.4112431153,50373.0,0.174550635935,0.021773034012,363.790449393,0.921753666059,0.921753666059,0.934615530322,0.971675081955,11.200331258,0.970444066137,panda54.jpg,0
75.7456563314,58.4752058791,81.4730403646,57.770683419,67.3156164551,57.8225890628,78.1391174316,57.3492630093,2457600.0,0.435228069734,0.0357175378385,26.9503664018,0.996912644613,0.996912644613,0.996961597875,1.82225214935,2.64440545206,0.99590333371,panda55.jpg,0
136.366164571,60.1558975794,120.396089086,55.4886981357,88.8357686883,50.6702520333,121.579808314,55.5378983997,8536880.0,0.302297427029,0.0214588977339,150.011440472,0.996692160653,0.996692160653,0.996345927078,3.88963067623,6.32334434719,0.975684252532,panda56.jpg,0
124.645394038,61.1169790599,116.559882927,58.6436955485,100.668192954,55.6866581358,117.164737127,58.7670359722,461250.0,0.289522712566,0.0210102153675,77.2427561953,0.985543290747,0.985543290747,0.982438836438,1.56280481959,4.98287581274,0.988825353681,panda57.jpg,0
130.225364163,55.0659634777,114.18875,53.7837505014,88.1249760585,56.1078044972,116.018873488,53.9063446974,793600.0,0.302064988525,0.0223694758273,143.367648598,0.985642015202,0.985642015202,0.989052733367,2.0999111842,6.39318639044,0.97533989008,panda58.jpg,0
107.211172932,77.5810920979,108.400761791,76.8889964067,104.761238276,77.5283813115,107.611514309,76.9568694074,832512.0,0.313196593871,0.0260699051147,64.942193029,0.99533870093,0.99533870093,0.995184274932,1.76864882618,4.42046341285,0.994519693702,panda59.jpg,0
77.6275211128,73.1755847761,82.0151813214,72.2149218715,76.9881967213,73.1726872931,80.0961748634,72.5327714293,50325.0,0.413704122973,0.090352304096,123.604563041,0.976367272474,0.976367272474,0.983424562958,0.733491625108,5.71776155718,0.988283675944,panda6.jpg,0
78.0918628912,54.1300221772,79.4868554396,55.2703121303,64.2440139096,52.3887860928,77.3403874814,54.2781083719,50325.0,0.159108002216,0.0196735568925,877.432770931,0.5628731536,0.5628731536,0.633187705372,0.99271030866,17.6985361573,0.851144585058,panda60.jpg,0
136.982972136,72.841309314,127.544018417,67.755205473,101.682186235,55.2012462947,127.414820989,67.1275859313,50388.0,0.105975358861,0.0113353757545,438.795594099,0.868238455382,0.868238455382,0.825730534437,1.0511138207,14.211622807,0.951388168053,panda61.jpg,0
118.786070541,66.2870169843,136.920218579,73.0645369581,116.078887233,71.5922636668,129.121589667,70.6807102514,50325.0,0.425602016098,0.0264463553572,201.137529416,0.941896193586,0.941896193586,0.948752838759,0.697175884679,5.2228471142,0.979889647983,panda62.jpg,0
74.7685047193,66.4522596554,81.9324391456,66.0635332697,84.6910084451,66.0711996364,80.0999304521,65.9035858803,50325.0,0.232734345685,0.0240656461893,350.291232899,0.831849402206,0.831849402206,0.875119608543,0.89118972246,10.0572175023,0.959768177921,panda63.jpg,0
130.554157973,61.3573069697,140.604510681,61.6176830859,121.817327372,54.5765809946,135.472468952,59.9666439995,50325.0,0.120116557236,0.0149648082208,456.428191808,0.781928921315,0.781928921315,0.851755446356,1.00218432215,13.8562437562,0.936748712685,panda64.jpg,0
96.7202088938,69.648010736,100.01485599,69.681437178,96.1542767843,70.5840901321,98.5974244342,69.6245561106,50552.0,0.213390829393,0.0188961982949,494.62115377,0.893362035923,0.893362035923,0.899281511348,0.956276578106,11.612180887,0.949128488915,panda65.jpg,0
104.506981548,78.6840922455,104.506981548,78.6840922455,104.506981548,78.6840922455,104.506981548,78.6840922455,50347.0,0.257097647652,0.0439386901095,130.090689504,0.942806112437,0.942806112437,0.942806112437,0.812075173728,6.88858945183,0.989513876298,panda66.jpg,0
104.032839457,69.2707938904,96.5682792664,65.9357653022,86.9005978902,61.7954793027,97.6987012227,66.2088843819,786432.0,0.36125833447,0.0272566097872,90.8321788958,0.968916539753,0.968916539753,0.971333412001,1.85129938277,4.82297903429,0.989645552834,panda67.jpg,0
127.985543569,73.9672612347,125.891422272,74.6459948755,102.168172201,73.5099889859,123.819830577,73.848606467,786432.0,0.260793087134,0.0448718442002,151.463831867,0.981431277551,0.981431277551,0.98193777902,2.15485615977,6.9789961103,0.986115219368,panda68.jpg,0
127.255564797,63.6179636997,128.732968948,63.9754969818,128.421736375,63.0551081447,128.252000158,63.6906409788,50496.0,0.241730600181,0.0187215017771,209.159788486,0.823951943192,0.823951943192,0.808500223668,0.868221299696,8.27635973282,0.974285913649,panda69.jpg,0
96.7900049677,63.4290805684,104.343129657,63.1381813336,89.5354396423,60.7107428544,100.397774466,62.4964040854,50325.0,0.15540286112,0.0163289486833,558.638247377,0.896331425262,0.896331425262,0.93062338937,1.01431720435,14.3528578836,0.928609770939,panda7.jpg,0
84.7884493546,47.1421560978,96.7120654154,48.451503401,73.8949671339,43.9182384602,90.5445275996,45.9251801939,50508.0,0.149163800196,0.0165239741469,380.538599106,0.832254274367,0.832254274367,0.855004487221,0.918994055053,12.8283159463,0.909895533937,panda70.jpg,0
101.881698876,72.5062416865,111.487213483,74.490800959,83.397788764,71.1903481816,105.390305618,71.9824614622,222500.0,0.160511981656,0.0158791692236,186.050699151,0.947913979858,0.947913979858,0.947360910256,1.51902861629,8.19939204251,0.982066789278,panda71.jpg,0
104.174502642,76.8582759724,104.174502642,76.8582759724,104.174502642,76.8582759724,104.174502642,76.8582759724,638976.0,0.18555322118,0.0507262376444,646.720334549,0.998405282722,0.998405282722,0.998405282722,2.68197396487,14.6777028975,0.945271066922,panda72.jpg,0
98.4966915052,67.4591534264,96.587620467,65.3036779245,90.6306209637,62.5214656214,96.4646795827,65.2289389402,50325.0,0.265765672371,0.0257783453561,169.398501499,0.987600252042,0.987600252042,0.983473913741,0.833339930321,7.36521478521,0.980169990808,panda73.jpg,0
110.888908642,58.7941062339,102.572306173,60.4666353993,89.9212246914,60.3422030467,103.607703704,59.5497149699,50625.0,0.145090655736,0.0199096440938,660.212400794,0.748810284581,0.748810284581,0.77247208762,1.05337678074,16.2764880952,0.906729028294,panda74.jpg,0
140.044163783,66.9751339572,143.740155709,66.9450124334,148.109780854,65.2820177895,143.134579008,65.9614102636,173400.0,0.194580978043,0.0153347680629,749.73134751,0.986239995602,0.986239995602,0.988041566577,1.70745521361,14.291419161,0.913883621991,panda75.jpg,0
149.364965398,67.3005881884,142.563085352,59.4915950714,136.640934256,54.5100779995,143.92,60.4856680976,173400.0,0.125502311076,0.0121750573484,408.995666243,0.802831335448,0.802831335448,0.865009347981,1.6524323982,13.1217727956,0.944146670945,panda76.jpg,0
109.191636876,66.6126605763,83.1261564294,52.9134919181,59.4657241902,51.4806045928,88.2301267468,55.6636066722,184620.0,0.140856851955,0.013339067006,263.794665726,0.975803374691,0.975803374691,0.960665653907,1.53072332268,10.563853918,0.957439724909,panda77.jpg,0
67.2938338493,66.4810902385,68.8124355005,66.6260613711,66.9388931889,65.8044646966,68.1593524252,66.1070466877,77520.0,0.374095155816,0.0517227510193,261.406789324,0.818915163996,0.818915163996,0.85864069695,0.849872370519,6.70277273905,0.970133375142,panda78.jpg,0
81.4075408137,63.0101313657,80.0110132159,59.7757922897,65.3301762115,54.3931024076,78.7450570096,59.7232951958,154360.0,0.225495505042,0.0270441958471,212.903246332,0.791061523854,0.791061523854,0.813137550087,1.27642247506,7.88110634982,0.970187304044,panda79.jpg,0
103.766020864,70.0065340639,112.481013413,69.6556025948,96.9378440139,69.8184254339,108.090789866,69.2608664692,50325.0,0.175576366899,0.0161091008184,884.365920785,0.701051204392,0.701051204392,0.676992696203,1.07300425686,17.7121774161,0.907973103239,panda8.jpg,0
77.4628373702,73.367801635,82.0423587082,72.3800529419,76.965461361,73.3853381509,80.0655651672,72.6971909897,173400.0,0.371474698589,0.0621191574594,74.2393505143,0.992020403345,0.992020403345,0.994228934978,1.10082112444,4.68660580146,0.992986263599,panda80.jpg,0
102.256199539,60.0964541583,119.103858131,64.7764756905,54.2291176471,47.3299626615,106.66138985,58.9780658065,173400.0,0.100390451942,0.0130879425503,768.1061366,0.950522019889,0.950522019889,0.964596967761,1.80076572471,18.6260256558,0.889676465783,panda81.jpg,0
112.251064809,70.3050732059,107.882617705,67.5160169744,100.94236215,62.4397052234,108.384919995,67.6910706161,173740.0,0.266714714004,0.0254479797274,80.7938811995,0.992880335779,0.992880335779,0.991892748071,1.07928897671,5.12398500577,0.991191469255,panda82.jpg,0
106.530161476,82.3667775581,112.598425606,81.2719673496,92.9280334487,83.6462833632,108.540149942,81.2733318279,173400.0,0.200453892357,0.0361335404155,756.692303247,0.948434280201,0.948434280201,0.947527648552,1.69276389334,13.9873107593,0.942715956512,panda83.jpg,0
120.291235873,51.3121490412,111.390087343,49.1733133608,85.171946998,48.3022103407,111.066848536,49.3005995689,87242.0,0.0959145961419,0.0109527087024,385.935865562,0.983544743355,0.983544743355,0.985675630654,1.22739199194,13.694198895,0.920769641613,panda84.jpg,0
105.231424864,50.2407809175,109.899982305,50.6188713082,61.1255972159,45.9177587338,102.942519809,48.8955869651,101722.0,0.131956939522,0.0154899293069,347.484629045,0.975181046404,0.975181046404,0.958628334682,1.19539854635,11.7325572218,0.927504005878,panda85.jpg,0
102.820086656,52.0206200289,97.0259278788,52.1141064989,67.422010041,44.7452685746,95.3840925242,50.2125838258,87242.0,0.187741900088,0.0170916926887,282.643703959,0.982387961323,0.982387961323,0.980086323715,1.0792738384,9.69823895028,0.944095957311,panda86.jpg,0
117.608040201,62.8942558177,128.126289341,58.0655522383,114.133845921,63.2160713134,123.381134998,59.4989601835,52934.0,0.108241873655,0.0105839446728,519.515892003,0.741052558098,0.741052558098,0.678809916205,1.07402026745,15.5557264373,0.92664548245,panda87.jpg,0
111.546766667,53.7137395168,133.422133333,55.7518017955,83.5279666667,46.4711489478,121.192466667,53.1398772729,30000.0,0.0773394020381,0.0109986877163,532.358458961,0.88089889512,0.88089889512,0.853940439683,0.817258417443,16.6625795645,0.905707067444,panda88.jpg,0
135.4103,60.5559825333,137.8973,60.4176841058,116.7146,58.3987797833,134.734466667,59.4317549131,30000.0,0.110864317099,0.012701192106,662.900569514,0.896522272194,0.896522272194,0.894403451965,0.811394941639,16.8066331658,0.906356037158,panda89.jpg,0
119.913740686,68.4505587814,113.861381023,64.4223309202,91.0737406855,57.2836158493,113.064997516,64.4645346865,50325.0,0.293688283973,0.0230768557286,117.532248415,0.983998737572,0.983998737572,0.987436962722,0.772079373862,5.93271110047,0.985882850727,panda9.jpg,0
139.342133333,60.5795257887,140.3831,60.2074248001,122.2164,58.6938949498,137.9986,59.4636437781,30000.0,0.11809063367,0.013653060726,623.7160134,0.9051806758,0.9051806758,0.905404909545,0.801142857053,16.1624455611,0.912001331146,panda90.jpg,0
102.432133333,65.8654640975,102.335183333,63.1042309897,65.3919833333,51.6362782586,98.1577666667,62.1399475084,60000.0,0.197943457684,0.0200492646785,232.757453936,0.955408086938,0.955408086938,0.965004074185,0.95097889756,8.79142378559,0.969922421243,panda91.jpg,0
95.2299177045,71.3399612923,104.729662807,67.8631592479,78.9780059719,67.1253643072,98.9500036414,68.312992941,27462.0,0.0874142417264,0.011235126597,651.799443712,0.63184202221,0.63184202221,0.739381695449,0.796751235024,17.2032645294,0.930225504158,panda92.jpg,0
98.9647368421,58.9811639753,78.0215037594,51.2053244485,48.4220676692,42.2158802241,80.9185338346,51.690368812,26600.0,0.22933291816,0.025247261699,163.449994333,0.789792280701,0.789792280701,0.700292790103,0.582593292664,7.73706880266,0.96953296599,panda93.jpg,0
109.447122832,59.770945622,121.622737749,55.6707622022,92.5209506178,60.1141604636,114.661389655,56.8764972052,26467.0,0.110990144755,0.0147704600168,333.224196856,0.844132416354,0.844132416354,0.826795554621,0.680952800255,12.3209538999,0.948720478681,panda94.jpg,0
89.3202564103,75.227339547,94.4350769231,75.0725375058,89.4801794872,77.5202935678,92.3416666667,74.8741690235,39000.0,0.144715281562,0.0207230977964,1239.2538075,0.801376926882,0.801376926882,0.790928286051,0.935256871027,21.4580595284,0.889598103726,panda95.jpg,0
119.893641138,58.729386829,115.209695092,57.3001430085,105.224468206,57.0324391325,115.467487815,57.4752071092,26467.0,0.151552898215,0.0132429783273,329.349168375,0.770637441163,0.770637441163,0.784604112868,0.702601534626,10.8969013443,0.950269382793,panda96.jpg,0
89.805971564,54.8414684866,99.9663270142,53.0566761148,92.7966350711,55.3033801496,96.112985782,53.4505940284,42200.0,0.0639449423465,0.00977227172941,1444.61163638,0.675967876252,0.675967876252,0.639557113877,1.03070664599,26.0885470004,0.746433932178,panda97.jpg,0
74.0977821438,71.5336574844,96.3570861828,66.0149289051,57.0698227982,59.7931507583,85.2042543545,65.0408069056,26467.0,0.125016294193,0.0149313525496,580.844991266,0.69377799808,0.69377799808,0.789476976806,0.733456133282,15.4598617757,0.931441998859,panda98.jpg,0
119.913740686,68.4505587814,113.861381023,64.4223309202,91.0737406855,57.2836158493,113.064997516,64.4645346865,50325.0,0.293688283973,0.0230768557286,117.532248415,0.983998737572,0.983998737572,0.987436962722,0.772079373862,5.93271110047,0.985882850727,panda99.jpg,0
135.355086935,67.8459003829,117.96373956,53.9192224673,67.2564146941,48.4662403995,117.38919509,54.2944697255,225342.0,0.213350578641,0.0155087989987,358.156575152,0.998374980508,0.998374980508,0.996120365593,1.70949729398,10.3181105022,0.9392688122,tiger1.jpg,2
122.477071126,72.3234172289,104.043701172,64.4610150047,82.1767578125,59.3739974436,107.071228027,65.1266912541,49152.0,0.0951866691145,0.010369663594,441.921446078,0.897722772138,0.897722772138,0.86905423763,1.05819430881,14.581372549,0.947977321907,tiger10.jpg,2
142.405007452,48.5921540931,124.675429707,41.4869136398,93.2658320914,38.899204762,126.404987581,42.0844033866,50325.0,0.205598853213,0.0197992219446,576.407632368,0.997396541369,0.997396541369,0.995244003517,0.924590655831,13.3448551449,0.837572353496,tiger100.jpg,2
105.289041232,53.6919271618,97.8044709389,50.2636814708,87.8498360656,49.1567999654,98.920615996,50.6546708145,50325.0,0.110283652562,0.0115022544899,564.475110686,0.961314828202,0.961314828202,0.961147599506,1.03209231384,15.4559650592,0.890147061208,tiger11.jpg,2
106.235513278,47.5876060015,137.287336504,47.5533846717,77.4982956797,45.614858502,121.187415775,44.8346286707,50460.0,0.249448264185,0.0182112025157,185.613490832,0.944016359467,0.944016359467,0.895669152657,0.771200498281,7.20220339657,0.953864671767,tiger12.jpg,2
137.552718254,58.5617900387,109.444880952,55.4856779174,85.5443849206,51.9261045291,115.133710317,55.3030980802,50400.0,0.113674203011,0.0108376150089,581.563923395,0.955441319216,0.955441319216,0.943816112897,1.04411761695,15.1036192069,0.904960045814,tiger13.jpg,2
62.9208671763,67.7445662405,80.6476946966,48.5965982843,40.4358974359,41.5784218249,70.7575648989,50.3025623484,50232.0,0.155889217726,0.0168171675615,319.277704538,0.880615134795,0.880615134795,0.958271073425,0.887796693456,10.7019215404,0.936995924632,tiger14.jpg,2
154.999384921,64.8808289397,129.445793651,69.6905914018,108.489246032,76.7776515737,134.709722222,67.4399652537,50400.0,0.0908400671361,0.0101137806943,1079.86703695,0.963461071904,0.963461071904,0.967168798414,1.13375018662,20.9486184106,0.881178336474,tiger15.jpg,2
143.425266762,73.6706685478,128.826763816,60.7549154286,116.127289377,45.5319289709,131.74613792,61.2213531708,50232.0,0.317563672564,0.0286717518748,446.586489294,0.978273814541,0.978273814541,0.928499238043,0.87763881043,9.98322147651,0.940457309369,tiger16.jpg,2
89.5272376635,80.9792154139,94.8512664519,72.4030090535,79.01755537,72.8447391926,91.4463994592,73.6420916338,50298.0,0.206147768283,0.0496057074872,855.186707093,0.843764537969,0.843764537969,0.881830111282,1.03596186065,17.2819755845,0.921215409045,tiger17.jpg,2
99.0669640202,66.2419162752,98.5781940728,62.3744156167,76.9753394786,62.8758214502,96.2612350084,61.6638336171,50445.0,0.108014570303,0.0126281674488,958.176632056,0.942433591884,0.942433591884,0.927231415656,1.07461177672,19.5310100648,0.874100599177,tiger18.jpg,2
89.9294238683,63.2168161335,80.3877572016,53.8424889427,69.7500205761,49.3820063529,82.0016666667,54.4386857999,48600.0,0.220413704093,0.0281359073292,415.743081371,0.970860248167,0.970860248167,0.943569868411,0.920456577245,11.8723254853,0.929997473688,tiger19.jpg,2
144.339142857,62.445664238,141.366514286,49.7134942938,150.452657143,60.5901584542,143.28247619,49.8272604444,105000.0,0.287806028957,0.0455694955128,774.70778043,0.953976556687,0.953976556687,0.935023345495,1.35088860765,15.3115990453,0.844005618004,tiger2.jpg,2
136.615288889,94.7515385188,126.621846914,88.9604386077,122.527604938,91.3307879258,129.149846914,89.9541898514,50625.0,0.325598931201,0.152145185913,665.797896825,0.855216494986,0.855216494986,0.849342158922,0.939113242796,13.4256349206,0.958715078903,tiger20.jpg,2
98.4442225562,95.1011354815,74.9328535274,85.2382813943,48.4370254666,71.2838684199,78.936175261,83.417185296,50576.0,0.373877860627,0.276013461412,424.148635768,0.987570768,0.987570768,0.965039180229,0.901782771282,11.643492593,0.96957087536,tiger21.jpg,2
186.983412698,45.6626219388,179.580456349,48.936342224,191.528630952,55.0074364896,183.147718254,47.3560327105,50400.0,0.384676549687,0.0385646067839,309.05229734,0.744506743067,0.744506743067,0.730395782119,0.724981134917,7.33132266284,0.930703738838,tiger22.jpg,2
23.1839244908,52.1796140566,17.0413114754,39.9371013452,9.63087928465,25.0741997592,18.0330054645,41.619047327,50325.0,0.776695313508,0.718648986856,266.659407283,,,,0.455719388822,5.15256671054,0.923253569985,tiger23.jpg,2
91.7012419275,70.7082052984,106.568782911,61.4756370644,83.9920516642,60.048784079,99.5527471436,58.0421408882,50325.0,0.168356105128,0.0167897279001,828.624227195,0.971885026852,0.971885026852,0.976525918469,1.07026884146,18.2332974353,0.877028907793,tiger24.jpg,2
87.3725155711,53.5613290252,92.9013766017,47.6185363681,69.4487840679,51.3366462565,88.5819415242,48.6006545674,50414.0,0.120297712685,0.0135943305523,409.250995381,0.927222241604,0.927222241604,0.927698169609,0.949451054184,12.5164437012,0.91352670468,tiger25.jpg,2
32.5979930452,40.3401730019,24.3907799305,31.3492326052,15.7215499255,24.0202460882,25.8502136115,32.7386322399,50325.0,0.352671290744,0.196332186766,329.350205417,0.953810620673,0.953810620673,0.895857037,0.678768949763,10.1760998764,0.84666434961,tiger26.jpg,2
93.670796953,60.3168033723,80.7768849818,49.8324823801,55.0110582947,49.9284923642,81.7220111776,51.8872116552,50279.0,0.271526682922,0.033087087507,413.677176818,0.934326700135,0.934326700135,0.898152312819,0.922320651844,11.7411551195,0.923233181942,tiger27.jpg,2
83.5774987064,59.3272960144,51.5954105799,42.4955394991,60.4279146599,45.8435151245,62.169923974,44.7243071119,50246.0,0.392725693641,0.0430777130198,542.218392871,0.971393514395,0.971393514395,0.955445093834,0.807383309063,11.1293255015,0.864537570637,tiger28.jpg,2
98.3573626635,42.4067416951,73.1024241101,35.1856396292,43.7133157299,32.5220952262,77.3104885942,33.5944296408,50369.0,0.245270846287,0.0247760579883,373.544805298,0.934594428307,0.934594428307,0.947595699926,0.824342681269,11.1226460262,0.834963770993,tiger29.jpg,2
142.361932143,46.4081808688,141.863685714,42.6555684339,95.4910607143,40.7174320174,136.728171429,41.9030664827,280000.0,0.27867008578,0.0227990302244,204.621330472,-0.062276865727,-0.062276865727,0.318687422823,1.51988430301,6.99075107296,0.940946053463,tiger3.jpg,2
78.7840780543,58.9249978489,67.9524886878,50.4852030988,54.2128817873,45.4185249385,69.6483667986,51.739620992,28288.0,0.330753555687,0.0515787308877,968.404273504,0.688681457264,0.688681457264,0.686294229406,0.643517162965,16.1463675214,0.820224178861,tiger30.jpg,2
104.463015873,29.6057624772,100.999543651,19.9422773122,94.7658134921,21.7398584715,101.333571429,21.0206200717,50400.0,0.529703819495,0.0678676782595,204.946508202,0.996725394451,0.996725394451,0.995926615223,0.533294822331,5.50559404364,0.768619513514,tiger31.jpg,2
123.120178223,46.0003859147,107.445800781,43.6454162016,89.3523763021,43.8887088798,110.074198405,43.8588518438,49152.0,0.239718778407,0.0203706593561,385.411621732,0.991256436332,0.991256436332,0.988207521972,0.900638385675,11.2788194444,0.899952975103,tiger32.jpg,2
114.639244908,54.4075674676,107.052876304,47.7348597619,84.0369995032,48.3382618945,106.705295579,47.4066439488,50325.0,0.205817818046,0.0201344599689,504.687228272,0.973396184381,0.973396184381,0.97761897021,0.989619062075,13.9074428623,0.887883997856,tiger33.jpg,2
106.846694264,70.4066955343,88.6633960912,57.0913576526,51.1734864467,54.872354206,89.8301954384,59.8099364682,50246.0,0.249422083875,0.0228342313127,445.486454088,0.994952180785,0.994952180785,0.993230865714,0.946087785447,11.9858547111,0.937849376547,tiger34.jpg,2
123.848504719,46.8326580912,136.779234973,46.9479379558,107.318509687,47.2461867047,129.552528564,45.146862274,50325.0,0.198964166448,0.0185127248286,310.137389813,0.998498721484,0.998498721484,0.998790512517,0.866930108246,9.70354194089,0.924058435998,tiger35.jpg,2
106.916701441,48.2987455212,107.705593641,45.3684948986,71.5902036761,49.1063963993,103.361549925,43.999821749,50325.0,0.210012893332,0.0205290208526,396.454305694,0.993619210462,0.993619210462,0.994673386715,0.9217208402,11.5967232767,0.897859665595,tiger36.jpg,2
71.9517536016,68.9849068581,88.4619970194,73.7856481924,58.3682861401,64.3685859494,80.0952011923,69.8472825463,50325.0,0.160242165588,0.018483073883,1051.77709306,0.974763285492,0.974763285492,0.973978757345,1.00198203469,18.2003310598,0.892311271645,tiger37.jpg,2
107.125900569,42.822749035,93.059646539,36.2157813298,74.5935198822,37.3599122966,95.1607292123,36.6136695768,50246.0,0.102876483086,0.0134467434503,523.426776153,0.890802673014,0.890802673014,0.886075078454,0.936083233591,14.7976704228,0.805106861985,tiger38.jpg,2
101.668194444,62.7445245533,108.296607143,55.1777907465,49.7153968254,46.6736086784,99.6380357143,52.7301075268,50400.0,0.0702605059709,0.00973012714225,938.731684982,0.825224702635,0.825224702635,0.909142884873,1.10736191956,20.3775680841,0.831480639659,tiger39.jpg,2
182.574006734,62.9078406696,166.974802571,74.75732482,101.982626263,64.7811384316,164.239513315,68.2967193297,326700.0,0.366621846895,0.0464094372807,164.075550651,0.979969886842,0.979969886842,0.961250304835,1.67375125729,6.91708281602,0.982421208685,tiger4.jpg,2
142.617627253,44.4145191689,142.217033076,41.0029629891,96.0131313131,39.348257009,137.079104773,40.3015785328,50490.0,0.172933117911,0.0170653675235,464.852027027,0.946526817434,0.946526817434,0.967783938383,0.893641155188,11.9907790143,0.856247199044,tiger40.jpg,2
103.801678199,79.6341528784,113.537023781,67.5862616888,54.6710013521,65.1124440213,103.909886264,66.3205024354,50292.0,0.133623571826,0.0120263572091,783.889008664,0.997520004602,0.997520004602,0.997223210715,1.0765767099,16.6221104324,0.911019816999,tiger41.jpg,2
205.371519364,68.3877925945,181.045342602,82.1728455987,162.880794439,95.169877751,186.251439921,77.6682102231,50350.0,0.388378358424,0.295678682199,1622.259689,0.502935623297,0.502935623297,0.379744778382,0.900978683847,21.9050637959,0.865653767711,tiger42.jpg,2
92.8026451255,68.3237890591,98.866318207,63.4857370541,87.4439296745,66.1800238839,95.7474459492,63.7997863243,50508.0,0.188081766587,0.0183612256177,740.41657228,0.93313132644,0.93313132644,0.856492618039,1.04129989288,16.838390462,0.908949795668,tiger43.jpg,2
133.699016393,56.7387507974,112.176254347,47.1692463031,94.9816592151,47.6205915192,116.667719821,47.8686540437,50325.0,0.101329342034,0.0120848539043,517.989430019,0.480644252664,0.480644252664,0.576906503461,1.02614408333,15.0974831479,0.88712440033,tiger44.jpg,2
138.420630498,44.5690199979,119.841758548,40.1992625721,99.3298969072,60.5804387895,123.072543088,36.5282524974,50246.0,0.172846266127,0.019554504311,474.869955247,0.957640783533,0.957640783533,0.834708966772,0.839988006121,12.7172340766,0.822246329707,tiger45.jpg,2
151.910302765,66.3956034131,121.681679116,49.6708485194,90.0181579784,47.78193203,127.125675461,53.7848855169,50336.0,0.263012713163,0.0218498068936,549.13492823,0.995334146307,0.995334146307,0.991696906921,0.879863152467,11.8623205742,0.905134677231,tiger46.jpg,2
125.727301688,57.6571942199,106.376154826,56.1393986602,86.1090514495,60.9341948463,109.857359032,56.123856846,50224.0,0.158857666173,0.0127664255744,516.18686566,0.99033300214,0.99033300214,0.988448367231,1.00992691253,13.5725445537,0.918016354413,tiger47.jpg,2
134.750615079,46.9915440048,113.37609127,50.7556530181,62.5410515873,35.598675477,113.977996032,46.4804897194,50400.0,0.321797930203,0.0255983928194,103.582079153,0.989365045455,0.989365045455,0.99160869705,0.712135048518,5.79525003982,0.976080540236,tiger48.jpg,2
139.36769096,66.3625729012,105.582115989,61.4539661147,67.949130279,52.4789739744,111.396449469,61.0653405258,50246.0,0.0654913000936,0.00996977171699,857.622972109,0.859541715234,0.859541715234,0.76016905076,1.1253009128,21.3744705506,0.885066549654,tiger49.jpg,2
62.4828041239,70.078419782,80.5020532641,49.7618563049,39.7164806385,41.6040135896,70.4600290869,51.4905173683,4155822.0,0.392180041451,0.0317595303291,40.2275181361,0.994729055524,0.994729055524,0.998466117877,2.29917629978,3.21061682457,0.992414720602,tiger5.jpg,2
182.51940453,61.8857760167,166.961708395,74.4723449753,102.710842654,64.1052784253,164.297078374,67.8359788585,50246.0,0.291707371048,0.038396758176,449.161392152,0.510271913496,0.510271913496,0.527090876667,0.933408685549,11.8660992568,0.951257979537,tiger50.jpg,2
132.460307998,66.8911832882,142.43054148,65.9848344674,107.164888227,74.2795634552,135.42626925,64.6533448165,50325.0,0.0984200040112,0.010400190206,942.119819712,0.914027938903,0.914027938903,0.915102124645,1.10858470165,19.3687926289,0.887400323321,tiger51.jpg,2
111.445651309,62.3553375587,96.9541059919,53.5466008658,72.7440518819,51.0984284952,98.5493952415,55.1025390852,50268.0,0.355058706119,0.0266670270193,365.959254157,0.994031210893,0.994031210893,0.986267805929,0.833850478088,9.28276536703,0.939725239516,tiger52.jpg,2
70.632,71.3605295557,52.1928296296,58.0740808461,35.7600987654,49.3460154669,55.8283654321,60.3706614491,50625.0,0.421974601463,0.328945444094,396.987777778,0.993599990537,0.993599990537,0.990075907905,0.825915575882,10.0355555556,0.945639889291,tiger53.jpg,2
128.870376984,53.3691780909,121.077698413,63.768113476,52.1550793651,36.3923820902,115.557599206,53.6466468111,50400.0,0.112991513366,0.0115870607512,378.142220099,0.964193692077,0.964193692077,0.970982457213,0.975459845538,12.7643334926,0.9342113288,tiger54.jpg,2
101.984918748,59.8207574233,95.5710860087,54.8333279749,64.7488109394,48.0404117065,93.9770114943,54.9739320152,50460.0,0.130584936424,0.012833027587,325.362844529,0.981518601805,0.981518601805,0.978534757322,0.963120058248,11.5185140994,0.946199484963,tiger55.jpg,2
31.7862738081,61.7009262752,29.8732752793,57.2041885075,24.3186011372,51.0409888266,29.8165135791,57.5271729994,50298.0,0.623791493535,0.421305710875,600.461162531,0.97032360201,0.97032360201,0.996433905315,0.609049549929,9.2667158701,0.909511690864,tiger56.jpg,2
168.935189592,75.5425642007,162.101697604,82.4451084576,155.698536411,91.710037241,163.372342535,81.171527021,50424.0,0.302891449206,0.035090194392,493.646626719,0.944206060339,0.944206060339,0.945832564811,0.905887088347,11.8738080545,0.962561801162,tiger57.jpg,2
114.695079365,62.1281334012,100.055853175,52.5164663847,53.6284722222,41.6612744469,99.1546031746,52.1471086363,50400.0,0.168305030031,0.0136281059174,557.550824176,0.888624076539,0.888624076539,0.815255093919,1.0024910738,14.0444935499,0.897607750149,tiger58.jpg,2
66.7869696608,64.0003302776,74.4666984771,51.5959179341,44.0985526263,46.8839561221,68.7137460734,53.0984972094,50298.0,0.164186183665,0.0180715405655,1071.24255964,0.755514077463,0.755514077463,0.894518347433,1.00145746913,18.907564031,0.810224235294,tiger59.jpg,2
102.638129897,39.0639135515,109.411804478,38.4271367471,58.5365310424,46.1554446242,101.589428469,35.9602158289,50286.0,0.138565042743,0.0178592243711,425.309925766,0.733639263477,0.733639263477,0.771270290605,0.891983786341,12.6399066092,0.835724406094,tiger6.jpg,2
135.939756399,43.2837258874,142.562174103,49.0243267477,119.228794332,46.2416634834,137.915137523,43.6962895858,50246.0,0.287511754946,0.0245149852582,262.760848717,0.55727659407,0.55727659407,0.506489695431,0.842215448193,9.21897226884,0.931264379611,tiger60.jpg,2
108.697506991,53.0601020993,84.7238452232,44.3579310284,66.837052022,43.1557465576,89.8560322088,45.9165623094,50421.0,0.108970057626,0.0121672435639,310.308708279,0.885115777063,0.885115777063,0.844454430344,0.937305032931,12.2376178542,0.926348762721,tiger61.jpg,2
93.1731346249,66.4336082983,91.6636860407,67.1306313607,42.0807948336,47.8085446302,86.4659711873,62.5172499157,50325.0,0.158090251227,0.0203376914294,899.149196283,0.870563320265,0.870563320265,0.961214519276,1.04364650789,18.2528219856,0.884937182829,tiger62.jpg,2
94.413850713,60.2590703865,81.6527973906,55.2911410834,62.631555918,52.0949910826,83.296227053,55.5485399186,50279.0,0.153400816298,0.0165123320122,451.901180647,0.95931785855,0.95931785855,0.951504256129,0.990374456328,13.7110406446,0.926782708836,tiger63.jpg,2
225.64978324,53.4600735514,209.885634173,72.4502886955,197.237600923,88.8863108845,213.204470429,67.8765624504,50286.0,0.677943136518,0.594854499278,340.348798691,,,,0.61950789977,7.17494811622,0.963143298744,tiger64.jpg,2
121.065812765,53.9448452219,74.481990493,39.3757140303,13.368444082,21.4978952795,81.4476222677,39.9427253124,50279.0,0.156715721451,0.0165780559146,345.384328507,0.969027269033,0.969027269033,0.951822824347,0.86042466261,11.3803398349,0.891839868961,tiger65.jpg,2
158.989505069,71.3410130311,150.404193997,72.3612351643,119.964360962,86.5615638439,149.507473663,70.5674752891,50310.0,0.257757963958,0.0983408828078,759.183241473,0.617600661245,0.617600661245,0.549394396131,0.924964820862,15.0720904226,0.923792066973,tiger66.jpg,2
166.518992593,53.7502952713,127.845511111,46.9864633498,68.9414716049,46.8464632878,132.665896296,45.8210554803,50625.0,0.301992105598,0.212319382506,620.579047619,0.113744070418,0.113744070418,-0.16308735079,0.919733390997,13.360515873,0.852862794727,tiger67.jpg,2
231.241244444,57.4567351875,221.952750617,67.4262808387,211.599348148,82.9720058194,223.550083951,65.0331870852,50625.0,0.700652858334,0.558623935131,1308.81509921,1.0,1.0,1.0,0.550020352512,12.3523214286,0.845800275137,tiger68.jpg,2
50.1952361119,59.848082882,47.4607405644,52.0176307535,36.7648400468,50.3921758519,47.0596576823,53.2314643172,50421.0,0.352560836434,0.0891232999813,382.687950034,0.902206137556,0.902206137556,0.939106027085,0.776392839576,9.58340295182,0.932573549827,tiger69.jpg,2
102.094415476,53.8265479048,96.6870994706,38.7482884353,56.9349798989,32.0486474261,93.7795844445,40.3621773395,50246.0,0.078946346941,0.011349499263,631.497742348,0.945114312066,0.945114312066,0.948094147833,1.01742302807,17.4928274594,0.806311947522,tiger7.jpg,2
145.187109981,66.2049993494,120.841368894,66.6244471667,91.5050876426,69.7071104495,124.792837553,65.4260595651,50318.0,0.0928390929106,0.00995604653155,487.465803698,0.960271724196,0.960271724196,0.960724249004,1.07691950684,15.2556993837,0.94296269999,tiger70.jpg,2
126.276641828,62.9881444451,126.764172876,65.2011528038,107.572796821,61.5319170986,124.429647293,63.4109485715,50325.0,0.157934137221,0.013862974279,300.699533325,0.980478769145,0.980478769145,0.979602730681,0.949756667067,10.9204658769,0.962591838983,tiger71.jpg,2
60.4789727063,68.6195045476,45.4085501711,60.2311260521,31.1375427707,53.2200845333,48.2596084984,61.1865311912,50268.0,0.501798943464,0.148831905249,368.954942006,0.859385560647,0.859385560647,0.651735930015,0.718146312988,8.77606755705,0.950823498615,tiger72.jpg,2
66.8808730159,45.0309568919,57.6354563492,40.6401111675,35.1061309524,38.9879929893,57.8411507937,40.3186947691,50400.0,0.204150911799,0.0317038470397,421.933548336,0.738961512618,0.738961512618,0.828587273092,0.846948202245,12.1228300685,0.870131916852,tiger73.jpg,2
78.6711703704,76.3383515702,58.2919703704,59.7401807229,31.5157728395,39.1199489145,61.3366518519,61.747442183,50625.0,0.445356480226,0.340994572215,348.409662698,,,,0.805288812917,9.68886904762,0.954288141589,tiger74.jpg,2
154.628829474,62.3748245494,127.652840773,61.6099075627,102.934988462,55.4660526985,132.911892257,59.7738451505,50268.0,0.125325400155,0.0121360208476,650.894991116,0.950129418553,0.950129418553,0.971731630144,1.06060188227,16.2594677687,0.908827838809,tiger75.jpg,2
125.374325397,50.869936856,114.974126984,47.5660210066,99.0029166667,54.7218066446,116.268075397,47.8861768489,50400.0,0.123952767435,0.0136580059666,728.497359243,0.948429495977,0.948429495977,0.950762387602,1.03790933185,17.2469755855,0.841623382144,tiger76.jpg,2
117.54883185,66.0750117908,87.4553401144,56.0905587319,65.9093889065,51.2416208326,94.0061387476,57.5375211169,50336.0,0.092951950488,0.0192693634316,648.29541968,0.898479040603,0.898479040603,0.895931509907,1.06147597479,18.1805032574,0.90205680263,tiger77.jpg,2
115.14,41.8789682223,103.947579365,38.8858865491,82.3100198413,40.1665503209,104.832519841,38.7281021844,50400.0,0.157761765023,0.0180810810753,431.425426023,0.963451260643,0.963451260643,0.944984572094,0.906920507865,12.2620242077,0.856579651345,tiger78.jpg,2
131.045693329,59.4121801477,140.959421152,62.1421772389,157.171969472,79.401000031,139.842303499,59.9119737081,50445.0,0.249447438883,0.0281520803984,563.667204944,0.995540065852,0.995540065852,0.99522621141,0.974609783251,13.597946571,0.921714458006,tiger79.jpg,2
112.408952569,65.0408561997,91.9714031621,57.4796897659,74.0387747036,55.6416285576,96.04756917,58.2841815605,50600.0,0.214325317825,0.0301285078934,729.924289908,0.99730406389,0.99730406389,0.999652680338,1.00756318072,15.9326205966,0.892570584935,tiger8.jpg,2
222.460534172,59.3487297917,209.202225053,71.1933791684,195.077677825,85.9295758618,211.563408032,68.401870846,50246.0,0.612683129208,0.542265040636,782.023155918,,,,0.691259251587,11.752077839,0.916574714341,tiger80.jpg,2
132.687769498,52.9163163022,119.941798311,50.1464633839,105.238847491,55.6155812463,122.079403875,50.1053405393,50325.0,0.136520778036,0.0156010883977,824.104423437,0.973652942532,0.973652942532,0.97973671866,1.03483732986,18.0936939093,0.836349162474,tiger81.jpg,2
69.460430516,48.9586273477,71.6318653055,50.1161371061,65.4101179171,55.2344852707,70.2754431782,49.9336547961,50544.0,0.252935602008,0.024320192991,493.332499702,0.996382087219,0.996382087219,0.993617545657,0.800009705355,9.84248342662,0.90124296017,tiger82.jpg,2
172.273087594,45.5776781919,176.291498216,58.2039642437,169.127843837,80.0741128019,174.287078874,53.3575428187,50460.0,0.458450239932,0.0755514020958,299.504494293,0.999982710609,0.999982710609,0.999943286927,0.732262566411,7.53146004852,0.94752858107,tiger83.jpg,2
144.206672237,62.0000214788,127.351316941,55.199133086,74.2784475213,53.8767387971,126.345965624,54.7369136049,50268.0,0.0910311542426,0.0105538709766,894.565969935,0.965072430321,0.965072430321,0.957798925882,1.0782276925,18.3041264898,0.850840037866,tiger84.jpg,2
95.0068452381,38.5539594652,102.219801587,32.1951295975,29.9757142857,33.9107805453,91.8511309524,32.5984674497,50400.0,0.328216850769,0.0402323274313,314.816391941,0.975256143237,0.975256143237,0.961032797142,0.691228497763,8.16672638955,0.85208823127,tiger85.jpg,2
57.4980952381,69.4626183894,42.7548015873,55.1234415318,29.6658333333,45.3451096322,45.6726785714,57.6064365442,50400.0,0.506130484867,0.441859322988,457.567447046,0.990049325476,0.990049325476,0.980099704085,0.760386304944,10.2943940118,0.931147568264,tiger86.jpg,2
140.651525961,75.1354420355,122.008917955,72.3714892834,93.4545580658,71.926616664,124.33412604,72.1109211642,50460.0,0.137417163327,0.0166289013401,452.337847512,0.925682500073,0.925682500073,0.910791146527,1.04960905165,13.8963329754,0.956572664518,tiger87.jpg,2
151.480851825,59.2168058196,111.325021872,57.0431172644,73.0651793526,52.4716143095,118.979062276,56.0808003778,50292.0,0.0527729705516,0.00830131603361,1307.32730467,0.574302982686,0.574302982686,0.600003976287,1.16956760681,26.1495189045,0.792497039671,tiger88.jpg,2
167.216210317,69.6170256264,135.943511905,59.5224517762,138.940833333,68.5917216367,145.646527778,61.6212541751,50400.0,0.374857224756,0.0385165542173,523.01889234,0.983797497285,0.983797497285,0.98749828193,0.865948532434,10.6085164835,0.931202608709,tiger89.jpg,2
84.3300362218,62.2114534206,74.9076543406,55.9009574023,58.3326035903,50.0131626047,75.8387334315,56.4290404053,50246.0,0.177767858136,0.01968566808,519.362003516,0.996968707535,0.996968707535,0.99620456526,0.984685011524,14.2257851834,0.918520203056,tiger9.jpg,2
117.760372045,54.2992808296,116.445026178,61.2079563635,73.215333968,49.6816495283,111.911411233,56.1177677458,50424.0,0.182842399159,0.0143719049955,391.31662453,0.969706476543,0.969706476543,0.972278182781,0.939231936238,11.1598749826,0.937899165299,tiger90.jpg,2
123.142440476,55.1791919351,118.587301587,53.9186449687,104.722996032,58.1755003777,118.371488095,53.2889948934,50400.0,0.208785250528,0.0157464937848,505.921583851,0.931566522342,0.931566522342,0.924437351187,0.980385580725,12.6398112757,0.911182136292,tiger91.jpg,2
135.346623335,65.5315733441,118.104728123,53.5436471737,68.2780001585,49.4997423771,117.587408846,53.5519723008,50464.0,0.152566899012,0.0132168509086,878.291761104,0.995983606427,0.995983606427,0.989419879543,1.01696002523,16.4098174878,0.846957619334,tiger92.jpg,2
28.529657228,55.729022012,21.556284153,44.461083599,15.418201689,35.9419603141,22.939195231,46.5290264436,50325.0,0.744434653286,0.702152070103,226.155897252,0.993855654841,0.993855654841,0.990609839158,0.518997355731,5.15813090822,0.947825294163,tiger93.jpg,2
105.64829334,78.5220567582,99.4379504237,70.0902088383,72.4416330086,72.4851321292,98.2200245506,72.3818894207,50508.0,0.286436834184,0.0277857936116,591.641331346,0.989470242633,0.989470242633,0.993760916357,0.941008742713,12.9603179334,0.94351284661,tiger94.jpg,2
53.5462828496,66.5728380579,42.2128434162,59.3180547801,34.9556567927,55.2529238512,44.7762547994,60.1452156365,50267.0,0.474051172408,0.294538019295,553.514510978,0.985394966632,0.985394966632,0.980151504572,0.780894259128,10.9457684631,0.923621206084,tiger95.jpg,2
147.951399116,59.8753244526,129.778032082,53.1809273102,78.38900609,53.940410231,129.359710226,53.1171397359,50246.0,0.0905251114852,0.0108159763292,810.695496683,0.918477524653,0.918477524653,0.892667773444,1.05628543255,17.4769639575,0.856469523943,tiger96.jpg,2
100.649211018,94.971462995,87.8851703168,75.9033385001,66.7144759331,67.9212301919,89.2926388171,79.9457390676,50318.0,0.289133100452,0.0611928108359,333.166045037,0.995848979411,0.995848979411,0.997556816932,0.898641035414,9.98843169715,0.973941086228,tiger97.jpg,2
144.504479272,60.3570313397,141.510438393,49.1396063985,150.973144231,60.6395566018,143.482311344,48.9985614793,50343.0,0.269295970629,0.0509227255793,1191.56960335,0.911552405033,0.911552405033,0.867528959171,0.986258889305,19.1350009966,0.751908184812,tiger98.jpg,2
126.749107143,50.1102032469,106.345337302,44.3186854615,70.7939484127,41.11922347,108.403134921,44.2841808405,50400.0,0.114147903474,0.0123901600381,588.752826883,0.929410769441,0.929410769441,0.91817760745,1.00644915457,15.4286908743,0.850007084134,tiger99.jpg,2
